Symbol,CompanyName,Category,SourceUrl,OCRText,OCRStatus,ReviewStatus,LatestPrice,DailyChange,PercentChange,ValidationStatus,ValidationReason,MovementType,AbsPercentChange,TotalRowsProcessed,ValidRows,NeedsReviewRows,BiggestGainer,BiggestGainerPercent,BiggestDrop,BiggestDropPercent,BiggestMover,BiggestMoverAbsPercent,OverallWatchlistMood,PythonProcessedAt
AAPL,Apple Inc.,Technology,https://finance.yahoo.com/quote/AAPL,308.91 -24.52 (-7.35%) 307.66 -1.25 (-0.40%) At close: July 31 at 4:00:01 PM EDT - Pre-Market: 4:17:25 AM EDT,OCR Captured,Pending Validation,308.91,-24.52,-7.35,Valid,OK,Down,7.35,10,10,0,GOOGL,6.73,AAPL,-7.35,AAPL,7.35,Bullish / mostly up,2026-08-03 16:18:46
MSFT,Microsoft Corporation,Technology,https://finance.yahoo.com/quote/MSFT,464.72 +13.62 (+3.02%) 468.16 +3.44 (+0.74%) At close: July 31 at 4:00:01 PM EDT A Pre-Market: 4:17:40 AM EDT,OCR Captured,Pending Validation,464.72,13.62,3.02,Valid,OK,Up,3.02,,,,,,,,,,,
NVDA,NVIDIA Corporation,Technology,https://finance.yahoo.com/quote/NVDA,200.75 +5.71 (+2.93%) 200.48 -0.27 (-0.13%) At close: July 31 at 4:00:01 PM EDT A Pre-Market: 4:17:39 AM EDT,OCR Captured,Pending Validation,200.75,5.71,2.93,Valid,OK,Up,2.93,,,,,,,,,,,
GOOGL,Alphabet Inc.,Technology,https://finance.yahoo.com/quote/GOOGL,356.13 +22.47 (+6.73%) 358.41 +2.28 (+0.64%) At close: July 31 at 4:00:01 PM EDT - Pre-Market: 4:17:51 AM EDT,OCR Captured,Pending Validation,356.13,22.47,6.73,Valid,OK,Up,6.73,,,,,,,,,,,
AMD,Advanced Micro Devices Inc.,Semiconductors,https://finance.yahoo.com/quote/AMD,476.15 -9.24 (-1.90%) 479.32 +3.17 (+0.67%) At close: July 31 at 4:00:01 PM EDT . Pre-Market: 4:18:01 AM EDT,OCR Captured,Pending Validation,476.15,-9.24,-1.9,Valid,OK,Down,1.9,,,,,,,,,,,
TTWO,Take-Two Interactive Software Inc.,Gaming,https://finance.yahoo.com/quote/TTWO,242.92 -4.51 (-1.82%) 243.46 +0.54 (+0.22%) At close: July 31 at 4:00:01 PM EDT . Pre-Market: 4:09:40 AM EDT,OCR Captured,Pending Validation,242.92,-4.51,-1.82,Valid,OK,Down,1.82,,,,,,,,,,,
PLTR,Palantir Technologies Inc.,Data Analytics,https://finance.yahoo.com/quote/PLTR,123.06 +0.80 (+0.65%) 125.44 +2.38 (+1.93%) At close: July 31 at 4:00:01 PM EDT A Pre-Market: 4:18:15 AM EDT,OCR Captured,Pending Validation,123.06,0.8,0.65,Valid,OK,Up,0.65,,,,,,,,,,,
SONY,Sony Group Corporation,Entertainment/Electronics,https://finance.yahoo.com/quote/SONY,23.26 +0.49 (+2.15%) 22.89 -0.37 (-1.59%) At close: July 31 at 4:00:02 PM EDT - Pre-Market: 4:05:41 AM EDT,OCR Captured,Pending Validation,23.26,0.49,2.15,Valid,OK,Up,2.15,,,,,,,,,,,
MU,"Micron Technology, Inc.",Semiconductors,https://finance.yahoo.com/quote/MU,823.03 -51.63 (-5.90%) 817.40 -5.63 (-0.68%) At close: July 31 at 4:00:00 PM EDT A Pre-Market 4:18:38 AM EDT,OCR Captured,Pending Validation,823.03,-51.63,-5.9,Valid,OK,Down,5.9,,,,,,,,,,,
VOO,Vanguard S&P 500 ETF,ETF,https://finance.yahoo.com/quote/VOO,686.65 +4.86 (+0.71%) 689.38 +2.67 (+0.39%) At close: July 31 at 4:00:00 PM EDT - Pre-Market: 4:18:26 AM EDT,OCR Captured,Pending Validation,686.65,4.86,0.71,Valid,OK,Up,0.71,,,,,,,,,,,
